time,apex
0,-20
0.01,-19.7262
0.038,-19.0837
0.0645789,-18.6163
0.099824,-18.1444
0.142712,-17.7165
0.19675,-17.3167
0.259762,-16.9683
0.329994,-16.6716
0.406038,-16.4199
0.486759,-16.2059
0.571244,-16.0229
0.658758,-15.8653
0.748709,-15.7288
0.840622,-15.6096
0.934114,-15.5048
1,-15.439
